id,first_name,last_name,email,gender,ip_address
1,Queenie,Clague,qclague0@studiopress.com,Female,253.117.142.54
2,Gregory,Brownhill,gbrownhill1@mozilla.com,Male,227.203.217.235
3,Joelie,Hartley,jhartley2@earthlink.net,Female,147.228.108.108
4,Christal,Jessard,cjessard3@dot.gov,Female,203.51.120.171
5,Joell,Georgiev,jgeorgiev4@blogspot.com,Polygender,11.138.220.166
6,Antonin,Summerfield,asummerfield5@yahoo.co.jp,Male,142.59.230.56
7,Jyoti,Hedgeley,jhedgeley6@gmpg.org,Female,5.65.13.101
8,Jesselyn,Dy,jdy7@ucla.edu,Non-binary,175.174.109.137
9,Davon,Brager,dbrager8@reuters.com,Male,92.213.57.1
10,Miquela,Wilfling,mwilfling9@marketwatch.com,Female,226.72.111.94
11,Tarah,Saxelby,tsaxelbya@reverbnation.com,Female,118.148.128.47
12,Shawna,Walbrun,swalbrunb@smugmug.com,Female,250.220.241.122
13,Lucky,Rowbottam,lrowbottamc@feedburner.com,Female,231.149.22.210
14,Abner,Micklewright,amicklewrightd@vkontakte.ru,Male,193.47.198.109
15,Rachele,Hastler,rhastlere@reverbnation.com,Female,88.192.37.53
16,Ric,Moraleda,rmoraledaf@yale.edu,Male,206.41.136.218
17,Bern,O'Gleasane,bogleasaneg@wikimedia.org,Male,73.68.1.199
18,Beltran,Gorini,bgorinih@a8.net,Male,127.152.96.191
19,Orin,Milhench,omilhenchi@cloudflare.com,Male,38.62.78.230
20,Connor,Thirlwell,cthirlwellj@fastcompany.com,Male,209.46.198.180
21,Lammond,Yarrington,lyarringtonk@smugmug.com,Male,36.241.51.175
22,Adler,Cale,acalel@webeden.co.uk,Male,19.122.51.190
23,Luciano,Hall,lhallm@artisteer.com,Male,61.186.126.242
24,Shayla,Blake,sblaken@goo.gl,Female,136.222.249.173
25,Gasper,Dalliwatr,gdalliwatro@themeforest.net,Male,96.163.158.130
26,Rooney,Girod,rgirodp@theguardian.com,Male,193.12.82.132
27,Sheridan,Bromhead,sbromheadq@earthlink.net,Male,214.158.186.108
28,Siusan,Phoebe,sphoeber@ovh.net,Female,15.197.101.58
29,Christoper,Rounce,crounces@fema.gov,Male,106.2.225.7
30,Ellyn,Ruger,erugert@china.com.cn,Female,10.140.145.72
31,Kerk,Lamboll,klambollu@histats.com,Male,2.124.25.64
32,Siusan,Baskett,sbaskettv@usda.gov,Female,48.38.201.109
33,Bonita,Ullyott,bullyottw@zdnet.com,Female,210.177.194.228
34,Frederich,Vettore,fvettorex@live.com,Male,37.136.198.6
35,Chic,Joskowitz,cjoskowitzy@fc2.com,Male,237.98.117.115
36,Janka,Warrell,jwarrellz@hugedomains.com,Female,59.249.197.250
37,Charlton,Wessing,cwessing10@livejournal.com,Male,30.29.71.230
38,Mabelle,Giacobilio,mgiacobilio11@psu.edu,Female,23.225.154.12
39,Elfie,Shaudfurth,eshaudfurth12@dropbox.com,Female,14.50.251.178
40,Dolli,Iacovolo,diacovolo13@last.fm,Female,32.230.236.130
41,Ashton,Fergie,afergie14@nymag.com,Male,144.245.38.154
42,Haily,Priest,hpriest15@yahoo.co.jp,Female,162.160.198.20
43,Cathlene,Kelso,ckelso16@odnoklassniki.ru,Polygender,76.16.242.126
44,Mortimer,Fawcus,mfawcus17@cam.ac.uk,Male,124.156.60.0
45,Chris,Saggers,csaggers18@imgur.com,Female,247.162.90.55
46,Doyle,Lavers,dlavers19@aboutads.info,Male,141.151.4.228
47,Lothario,Crisell,lcrisell1a@cpanel.net,Male,238.177.63.144
48,Maribeth,Cay,mcay1b@zdnet.com,Female,216.133.139.196
49,Darb,Digwood,ddigwood1c@pen.io,Female,6.108.254.189
50,Skip,Robart,srobart1d@nsw.gov.au,Genderqueer,110.157.192.154
51,Bernarr,Shaughnessy,bshaughnessy1e@about.me,Male,148.177.250.120
52,Mavra,McCreadie,mmccreadie1f@soundcloud.com,Female,142.138.179.16
53,Marchelle,Butterfield,mbutterfield1g@netlog.com,Female,240.103.191.32
54,Hayden,Kemsley,hkemsley1h@mit.edu,Male,205.90.3.37
55,Barnabe,Corley,bcorley1i@qq.com,Male,182.84.184.162
56,Sheena,Wesker,swesker1j@va.gov,Female,26.207.131.180
57,Matteo,Koschke,mkoschke1k@tripod.com,Male,76.254.36.78
58,Rubi,felip,rfelip1l@networksolutions.com,Female,56.32.231.224
59,Mona,Trickey,mtrickey1m@globo.com,Female,185.67.56.205
60,Jayme,Titchen,jtitchen1n@bandcamp.com,Male,122.36.43.59
61,Emmerich,Fanstone,efanstone1o@youtu.be,Male,178.250.215.101
62,Nikkie,Alibone,nalibone1p@ca.gov,Female,84.42.56.10
63,Kass,Branchet,kbranchet1q@oracle.com,Female,137.80.118.251
64,Lyndy,Longworthy,llongworthy1r@rambler.ru,Female,124.101.180.229
65,Davie,Lempke,dlempke1s@mapquest.com,Male,228.161.70.73
66,Baxie,Sparshutt,bsparshutt1t@goo.ne.jp,Male,181.199.225.184
67,Cyril,Gleeson,cgleeson1u@google.ru,Male,199.136.32.54
68,Archer,Cameron,acameron1v@sciencedirect.com,Male,18.51.71.172
69,Kliment,Leonida,kleonida1w@yelp.com,Male,84.229.141.233
70,Rowen,Napper,rnapper1x@google.pl,Male,109.226.165.52
71,Mufinella,Obbard,mobbard1y@icq.com,Female,29.241.227.254
72,Celestyn,Silverman,csilverman1z@creativecommons.org,Bigender,106.156.56.122
73,Becka,Forty,bforty20@nydailynews.com,Genderqueer,85.132.0.65
74,Jesse,Bartoli,jbartoli21@abc.net.au,Male,63.249.81.47
75,Herb,Volleth,hvolleth22@comsenz.com,Male,63.187.180.125
76,Hedvige,Stanistrete,hstanistrete23@bbc.co.uk,Female,62.124.225.102
77,Hyacinthie,Lovick,hlovick24@tumblr.com,Female,133.18.222.90
78,Vincent,Curneen,vcurneen25@wired.com,Male,237.170.27.93
79,Tiphany,Virr,tvirr26@domainmarket.com,Female,109.142.132.184
80,Valle,Di Biasio,vdibiasio27@forbes.com,Male,109.5.130.35
81,Aldrich,Allot,aallot28@networksolutions.com,Polygender,8.198.142.151
82,Baxy,Akrigg,bakrigg29@free.fr,Male,163.115.215.117
83,Chandra,Havock,chavock2a@mysql.com,Female,98.77.4.162
84,Alidia,Earey,aearey2b@wikia.com,Female,130.55.165.103
85,Stillmann,Conelly,sconelly2c@shareasale.com,Male,117.68.59.237
86,Marlyn,Beyne,mbeyne2d@youtu.be,Female,70.250.151.82
87,Abraham,Duny,aduny2e@4shared.com,Male,153.252.180.243
88,Kippie,Cominoli,kcominoli2f@springer.com,Female,97.74.102.208
89,Devora,Levensky,dlevensky2g@nba.com,Female,11.254.198.40
90,Trude,Congrave,tcongrave2h@vinaora.com,Female,20.107.109.148
91,Rani,Airds,rairds2i@soup.io,Female,21.229.23.16
92,Albina,Darracott,adarracott2j@goodreads.com,Female,20.91.118.246
93,Jakie,Chastang,jchastang2k@mtv.com,Male,161.242.187.147
94,Tedman,Antcliffe,tantcliffe2l@vk.com,Male,29.7.140.1
95,Kinnie,Aglione,kaglione2m@jimdo.com,Male,211.145.47.27
96,Cleavland,Brogden,cbrogden2n@newyorker.com,Male,36.80.253.2
97,Othelia,Clitheroe,oclitheroe2o@howstuffworks.com,Female,174.66.105.123
98,Elaine,Marin,emarin2p@yolasite.com,Female,158.29.171.255
99,Reinwald,Goater,rgoater2q@furl.net,Male,199.196.22.167
100,Olympie,Fliege,ofliege2r@aboutads.info,Female,223.170.108.39
101,Janela,Sertin,jsertin2s@accuweather.com,Genderqueer,175.106.48.157
102,Cheston,Wattingham,cwattingham2t@topsy.com,Male,48.122.221.217
103,Wolfgang,Gorsse,wgorsse2u@newsvine.com,Male,115.34.122.166
104,Albert,Westphal,awestphal2v@wix.com,Polygender,146.87.89.169
105,Joya,Frederick,jfrederick2w@ft.com,Female,187.160.255.24
106,Callie,Preuvost,cpreuvost2x@miibeian.gov.cn,Female,73.130.154.243
107,Janeczka,Edwardson,jedwardson2y@loc.gov,Female,142.122.218.181
108,Jed,D'Ambrogio,jdambrogio2z@clickbank.net,Male,119.84.12.246
109,Pavla,Meryett,pmeryett30@ted.com,Female,221.17.175.19
110,Erl,Primrose,eprimrose31@nasa.gov,Male,132.90.172.141
111,Bette-ann,Hulk,bhulk32@tinypic.com,Female,192.172.230.242
112,Giffie,Havick,ghavick33@simplemachines.org,Male,34.110.54.113
113,Sybilla,Dowell,sdowell34@columbia.edu,Female,0.111.75.6
114,Iseabal,Reay,ireay35@statcounter.com,Female,21.26.27.88
115,Eachelle,Reschke,ereschke36@unesco.org,Female,96.32.102.151
116,Billy,Dovydenas,bdovydenas37@abc.net.au,Female,162.68.206.141
117,Evangelia,Warratt,ewarratt38@t.co,Female,10.42.120.88
118,Finlay,Hess,fhess39@nba.com,Male,137.144.148.182
119,Jeddy,Checo,jcheco3a@ibm.com,Polygender,50.241.77.87
120,Meridel,Sleeny,msleeny3b@amazon.com,Genderfluid,125.106.43.169
121,Gerrie,Studart,gstudart3c@wikipedia.org,Male,54.7.120.97
122,Nikolos,Castiblanco,ncastiblanco3d@drupal.org,Male,145.145.179.27
123,Bail,Orrocks,borrocks3e@globo.com,Male,215.93.243.81
124,Jarrid,Sember,jsember3f@umn.edu,Male,63.141.78.216
125,Rudy,Riccioppo,rriccioppo3g@php.net,Male,211.156.145.158
126,Carrissa,Farrand,cfarrand3h@tripadvisor.com,Female,220.75.86.236
127,Boycey,Capehorn,bcapehorn3i@forbes.com,Male,4.107.235.8
128,Booth,Verna,bverna3j@ezinearticles.com,Male,22.105.184.140
129,Manuel,O'Cahill,mocahill3k@statcounter.com,Male,108.139.91.233
130,Aurlie,Seatter,aseatter3l@delicious.com,Female,61.120.139.201
131,Ilsa,Paulin,ipaulin3m@dyndns.org,Female,252.36.184.111
132,Bel,Bauldry,bbauldry3n@sphinn.com,Female,101.115.72.26
133,Darline,Eckert,deckert3o@reference.com,Female,181.142.46.118
134,Walton,Dunbleton,wdunbleton3p@jigsy.com,Male,23.117.244.177
135,Bogart,Sunley,bsunley3q@woothemes.com,Genderqueer,178.135.12.124
136,Sharity,Poynter,spoynter3r@archive.org,Female,156.166.216.1
137,Vanna,Stracey,vstracey3s@nyu.edu,Female,4.111.202.244
138,Court,Hovington,chovington3t@howstuffworks.com,Male,99.96.62.150
139,Trina,Tomaino,ttomaino3u@hibu.com,Female,235.194.161.174
140,Stacee,Ionesco,sionesco3v@comcast.net,Male,70.29.109.21
141,Saunder,Meaker,smeaker3w@elpais.com,Male,142.122.27.24
142,Malissia,Spaldin,mspaldin3x@icq.com,Female,131.188.134.133
143,Carlyle,Wankling,cwankling3y@mac.com,Male,103.168.135.53
144,Adam,Gotthard,agotthard3z@usda.gov,Male,236.92.134.97
145,Aubine,Tokell,atokell40@businessweek.com,Agender,57.242.199.36
146,Tory,Bourcq,tbourcq41@blinklist.com,Female,179.117.29.129
147,Averyl,Malter,amalter42@sogou.com,Female,220.42.115.175
148,Pepito,Deeman,pdeeman43@wp.com,Genderfluid,216.55.99.78
149,Gwendolin,Attrie,gattrie44@so-net.ne.jp,Female,44.142.69.80
150,Heidie,Winkle,hwinkle45@hugedomains.com,Female,65.95.231.22
151,Tony,Hardage,thardage46@virginia.edu,Female,69.125.141.253
152,Danila,Walton,dwalton47@instagram.com,Female,206.144.193.107
153,Addi,Voce,avoce48@alexa.com,Female,215.225.7.2
154,Konstantin,Mulvey,kmulvey49@bigcartel.com,Male,189.216.199.70
155,Vernen,Girardeau,vgirardeau4a@gnu.org,Polygender,243.87.118.58
156,Archibald,Mycroft,amycroft4b@tinypic.com,Male,85.206.67.131
157,Carole,Nacey,cnacey4c@salon.com,Female,6.221.212.247
158,Hastings,Glave,hglave4d@whitehouse.gov,Male,116.85.173.221
159,Roanna,McCluin,rmccluin4e@walmart.com,Female,167.102.188.112
160,Arielle,Pobjay,apobjay4f@soundcloud.com,Female,147.45.227.233
161,Colene,Fidilis,cfidilis4g@pagesperso-orange.fr,Female,230.7.8.162
162,Benjy,Ivanshintsev,bivanshintsev4h@utexas.edu,Male,55.255.27.162
163,Rossy,Schultze,rschultze4i@yellowbook.com,Male,63.115.18.171
164,Selene,Rubinsaft,srubinsaft4j@sfgate.com,Female,21.128.171.242
165,Carmelita,Josefsohn,cjosefsohn4k@rakuten.co.jp,Female,213.81.123.13
166,Cacilia,Demke,cdemke4l@archive.org,Female,85.28.245.112
167,Delano,Mogg,dmogg4m@google.co.jp,Polygender,110.187.177.54
168,Aurthur,Bools,abools4n@bluehost.com,Male,130.205.125.18
169,Cecile,Gebbie,cgebbie4o@behance.net,Female,217.6.171.76
170,Mace,Handrock,mhandrock4p@illinois.edu,Bigender,81.42.98.89
171,Dore,Eby,deby4q@soup.io,Male,62.111.177.200
172,Damaris,McPartlin,dmcpartlin4r@ftc.gov,Agender,83.63.66.118
173,Trixie,Devanny,tdevanny4s@ustream.tv,Female,216.242.67.251
174,Roger,Danshin,rdanshin4t@tumblr.com,Male,194.198.195.1
175,Mal,Toffolo,mtoffolo4u@rambler.ru,Male,193.93.127.155
176,Starlene,Figgures,sfiggures4v@linkedin.com,Female,177.77.13.7
177,Cassandre,Brigg,cbrigg4w@twitpic.com,Female,237.253.144.191
178,Sorcha,Lefever,slefever4x@ifeng.com,Female,223.86.85.238
179,Ingrid,Serraillier,iserraillier4y@amazon.co.uk,Female,65.9.108.86
180,Everard,Novotni,enovotni4z@blog.com,Male,191.34.188.132
181,Lauree,Cisson,lcisson50@qq.com,Female,12.18.66.67
182,Clarinda,Winspar,cwinspar51@ucoz.ru,Female,187.118.21.28
183,Kristen,Risbridger,krisbridger52@rambler.ru,Female,92.240.186.110
184,Roselle,Lemm,rlemm53@buzzfeed.com,Female,179.83.242.36
185,Janetta,Marl,jmarl54@rambler.ru,Female,136.228.133.235
186,Garvy,Lesper,glesper55@mtv.com,Male,169.197.53.113
187,Kirstin,Jordine,kjordine56@thetimes.co.uk,Female,159.22.224.119
188,Jewel,Furniss,jfurniss57@google.es,Female,36.93.185.92
189,Peria,Wippermann,pwippermann58@forbes.com,Female,2.114.105.107
190,Arthur,Cason,acason59@mashable.com,Male,48.152.110.93
191,Breanne,Cesconi,bcesconi5a@ihg.com,Female,161.97.40.38
192,Dimitry,Sadlier,dsadlier5b@naver.com,Male,6.95.238.195
193,Ilysa,Osgorby,iosgorby5c@foxnews.com,Agender,160.111.118.156
194,Lonee,Danher,ldanher5d@jigsy.com,Female,185.212.231.52
195,Micaela,Bohlens,mbohlens5e@soundcloud.com,Female,0.254.109.66
196,Carina,Catley,ccatley5f@hexun.com,Female,34.5.50.189
197,Chico,Boston,cboston5g@comsenz.com,Male,174.0.54.241
198,Birgit,Klimkiewich,bklimkiewich5h@printfriendly.com,Female,152.208.196.163
199,Filberte,Leyfield,fleyfield5i@usnews.com,Male,15.95.210.108
200,Daveta,Sutterfield,dsutterfield5j@furl.net,Female,191.181.46.66
201,Ashbey,Valentine,avalentine5k@rakuten.co.jp,Male,4.94.106.123
202,Reinald,Foro,rforo5l@usa.gov,Male,28.148.68.3
203,Sofie,Arniz,sarniz5m@msn.com,Female,93.10.118.127
204,Catlee,Dicty,cdicty5n@hao123.com,Female,64.78.64.250
205,Katerine,Stuckford,kstuckford5o@w3.org,Agender,74.145.228.140
206,Stephen,Bartoli,sbartoli5p@jugem.jp,Male,28.39.218.0
207,Norry,Linde,nlinde5q@shinystat.com,Female,171.62.47.63
208,Rodrique,Landells,rlandells5r@arizona.edu,Male,173.223.212.22
209,Pincas,Laurenz,plaurenz5s@pinterest.com,Male,239.160.41.118
210,Tonya,Flucker,tflucker5t@bluehost.com,Female,108.200.169.236
211,Jacklin,Macias,jmacias5u@g.co,Female,112.197.61.246
212,Jennica,Squibe,jsquibe5v@about.com,Female,225.26.253.248
213,Petunia,Lodewick,plodewick5w@mit.edu,Female,48.178.117.204
214,Isadore,Rossiter,irossiter5x@jigsy.com,Male,32.51.189.20
215,Haily,Hurch,hhurch5y@springer.com,Male,173.162.21.159
216,Horacio,Tadgell,htadgell5z@ameblo.jp,Male,87.42.36.173
217,Farlee,Gatward,fgatward60@deliciousdays.com,Male,58.74.81.213
218,Suzy,Humbey,shumbey61@dyndns.org,Female,36.163.220.186
219,Dodi,Loveguard,dloveguard62@biblegateway.com,Female,146.91.131.92
220,Gabi,Kurten,gkurten63@taobao.com,Female,27.154.23.78
221,Gustaf,Kirkhouse,gkirkhouse64@yahoo.co.jp,Male,148.230.30.186
222,Dom,Cocher,dcocher65@intel.com,Male,161.120.247.244
223,Marna,Wyson,mwyson66@hubpages.com,Polygender,110.70.129.245
224,Alexander,Mason,amason67@mapquest.com,Male,183.63.146.23
225,Arnie,Goodband,agoodband68@bandcamp.com,Male,253.37.14.21
226,Parke,Caraher,pcaraher69@aboutads.info,Male,133.229.188.99
227,Lorine,Stickels,lstickels6a@live.com,Female,153.176.111.249
228,Celka,Alcoran,calcoran6b@jugem.jp,Female,169.36.87.238
229,Wynnie,Bloodworthe,wbloodworthe6c@smh.com.au,Female,130.184.134.10
230,Riane,Bosma,rbosma6d@abc.net.au,Female,164.87.104.11
231,Hinze,Massingham,hmassingham6e@nationalgeographic.com,Male,61.57.250.28
232,Morry,Berrey,mberrey6f@tiny.cc,Male,202.37.15.254
233,See,Goldney,sgoldney6g@opensource.org,Male,165.66.128.255
234,Gaynor,Shalloo,gshalloo6h@narod.ru,Female,248.84.59.217
235,Hakim,Renouf,hrenouf6i@skyrock.com,Male,217.21.120.175
236,Pate,Jacop,pjacop6j@businesswire.com,Male,202.133.219.234
237,Alfredo,Teodorski,ateodorski6k@example.com,Male,38.179.6.107
238,Kippie,Tolerton,ktolerton6l@ameblo.jp,Male,226.184.94.63
239,Gloriana,Rigge,grigge6m@who.int,Female,47.78.197.38
240,Barbie,Gudgion,bgudgion6n@netscape.com,Female,193.229.133.223
241,Brent,Hankin,bhankin6o@washington.edu,Male,139.172.107.114
242,Thatch,Linggood,tlinggood6p@desdev.cn,Genderfluid,234.14.35.96
243,Chaddy,Gawke,cgawke6q@unesco.org,Male,136.227.103.43
244,Prudi,Spiby,pspiby6r@elpais.com,Female,230.60.254.81
245,Tybalt,Longmate,tlongmate6s@multiply.com,Polygender,240.74.139.230
246,Doroteya,Hale,dhale6t@studiopress.com,Female,250.158.227.137
247,Rhody,Corrison,rcorrison6u@nhs.uk,Female,25.14.159.194
248,Cindy,Mold,cmold6v@buzzfeed.com,Female,202.58.255.75
249,Brande,Taylour,btaylour6w@over-blog.com,Female,224.147.18.22
250,Darcy,McGowran,dmcgowran6x@friendfeed.com,Female,45.192.206.219
251,Nahum,Janecki,njanecki6y@patch.com,Male,188.231.33.149
252,Lorin,Dorricott,ldorricott6z@apache.org,Male,99.75.39.1
253,Karissa,Reolfo,kreolfo70@github.io,Female,4.2.11.94
254,Ruth,Gandley,rgandley71@zdnet.com,Female,166.128.121.68
255,Duffie,Mulles,dmulles72@bbc.co.uk,Male,128.105.161.98
256,Emanuel,Cawt,ecawt73@mashable.com,Male,31.145.213.126
257,Dionis,Giurio,dgiurio74@chron.com,Female,75.128.151.90
258,Linnea,Robbins,lrobbins75@parallels.com,Female,157.102.79.174
259,Shirline,Lieb,slieb76@360.cn,Female,53.27.71.252
260,Olva,Warboy,owarboy77@paginegialle.it,Female,116.2.182.90
261,Maybelle,Stubbs,mstubbs78@yahoo.com,Female,56.167.143.106
262,Flossi,Bunce,fbunce79@vkontakte.ru,Non-binary,40.43.131.226
263,Adler,Knobell,aknobell7a@tumblr.com,Male,134.132.41.196
264,Danyette,Swales,dswales7b@moonfruit.com,Female,169.57.213.68
265,Neron,Hugonnet,nhugonnet7c@squarespace.com,Male,112.20.35.223
266,Egor,Thelwll,ethelwll7d@desdev.cn,Male,176.169.80.131
267,Kendra,Pemble,kpemble7e@goo.ne.jp,Female,106.60.234.230
268,Tito,Lowrie,tlowrie7f@google.it,Male,158.140.186.222
269,Quentin,Grendon,qgrendon7g@washington.edu,Female,185.92.28.87
270,Jeremie,Santino,jsantino7h@sina.com.cn,Male,146.253.126.154
271,Nathanial,Exposito,nexposito7i@bandcamp.com,Male,180.108.15.199
272,Colman,Week,cweek7j@unesco.org,Male,144.185.26.123
273,Gifford,Henrys,ghenrys7k@jalbum.net,Male,254.5.48.37
274,Elicia,Blaycock,eblaycock7l@wikia.com,Female,180.174.187.222
275,Derwin,De L'Isle,ddelisle7m@github.com,Male,14.92.234.47
276,Craggie,Playfoot,cplayfoot7n@sogou.com,Male,227.218.194.120
277,Pearce,Winmill,pwinmill7o@nature.com,Male,77.35.19.249
278,Lorilyn,Padilla,lpadilla7p@techcrunch.com,Female,151.123.15.234
279,Gauthier,Waleran,gwaleran7q@webeden.co.uk,Male,43.122.188.8
280,Thalia,Antusch,tantusch7r@bbb.org,Female,86.94.190.31
281,Rosemonde,Bryers,rbryers7s@issuu.com,Bigender,143.44.188.240
282,Hatty,Dews,hdews7t@slideshare.net,Female,223.211.63.240
283,Mabelle,Lukasik,mlukasik7u@privacy.gov.au,Female,72.79.229.247
284,Murry,Licence,mlicence7v@studiopress.com,Male,248.129.91.37
285,Emmit,Thirkettle,ethirkettle7w@wufoo.com,Male,126.59.156.204
286,Morganne,Lundbech,mlundbech7x@weibo.com,Female,1.75.199.108
287,Jilli,Sackur,jsackur7y@com.com,Female,46.240.240.132
288,Mathian,Flattman,mflattman7z@networksolutions.com,Male,155.73.205.109
289,Imogen,Biddle,ibiddle80@fastcompany.com,Female,103.216.232.140
290,Sammy,Sabater,ssabater81@va.gov,Female,24.224.9.241
291,Gene,Krier,gkrier82@seesaa.net,Female,59.147.76.97
292,Rheba,McKendo,rmckendo83@google.co.jp,Female,13.93.198.80
293,Albina,Romain,aromain84@live.com,Female,191.174.231.49
294,Nikolaos,Castanho,ncastanho85@yahoo.com,Male,1.85.57.217
295,Dewain,Meus,dmeus86@devhub.com,Male,175.214.250.58
296,Hewe,Ribchester,hribchester87@cnet.com,Male,171.85.28.51
297,Filippa,Leathers,fleathers88@discuz.net,Female,99.142.255.205
298,Mathe,Beumant,mbeumant89@blog.com,Male,246.194.30.180
299,Velma,Shireff,vshireff8a@wsj.com,Female,63.179.123.80
300,Byran,Scardafield,bscardafield8b@issuu.com,Bigender,157.132.54.9
301,Nani,Rizzetti,nrizzetti8c@hud.gov,Female,87.236.206.21
302,Wilhelmine,Lawler,wlawler8d@earthlink.net,Female,206.18.45.1
303,Lenci,Cooksley,lcooksley8e@meetup.com,Male,149.244.177.81
304,Hyacinthie,Fernyhough,hfernyhough8f@g.co,Female,241.222.100.231
305,Emmye,Dory,edory8g@wix.com,Female,36.192.17.15
306,Dalis,Burnsides,dburnsides8h@java.com,Male,137.201.157.134
307,Malorie,Ritter,mritter8i@amazon.com,Female,35.238.209.177
308,Levi,Terbeek,lterbeek8j@tuttocitta.it,Male,241.238.119.249
309,Ezekiel,Biford,ebiford8k@i2i.jp,Male,195.112.219.80
310,Ric,Hassur,rhassur8l@youtu.be,Male,220.204.248.82
311,Shellie,Sleney,ssleney8m@gnu.org,Female,211.149.12.147
312,Carrol,Elsy,celsy8n@wikia.com,Male,158.47.53.230
313,Pincus,Dade,pdade8o@qq.com,Male,248.25.103.230
314,Nanete,Hardesty,nhardesty8p@meetup.com,Female,144.99.240.131
315,Ezequiel,Littledyke,elittledyke8q@tiny.cc,Male,74.88.221.199
316,Agretha,Fortie,afortie8r@shinystat.com,Female,80.28.2.21
317,Clare,Hardes,chardes8s@sphinn.com,Female,127.166.141.76
318,Germain,Parcell,gparcell8t@timesonline.co.uk,Female,229.186.253.109
319,Mannie,Marrett,mmarrett8u@foxnews.com,Male,74.242.181.161
320,Lucio,Diamant,ldiamant8v@usnews.com,Male,90.137.217.151
321,Leicester,Thorsen,lthorsen8w@admin.ch,Male,209.231.27.115
322,Bearnard,O'Towey,botowey8x@purevolume.com,Male,82.136.109.21
323,Bonni,Larciere,blarciere8y@reverbnation.com,Genderfluid,135.135.160.146
324,Melloney,Duffil,mduffil8z@huffingtonpost.com,Female,252.12.40.133
325,Silva,Hryniewicki,shryniewicki90@skype.com,Female,99.77.59.171
326,Ivar,Mulbery,imulbery91@360.cn,Male,14.135.26.212
327,Marylou,Skerm,mskerm92@google.it,Non-binary,91.49.104.58
328,Chase,Allday,callday93@tamu.edu,Male,210.30.66.125
329,Filippo,Luckham,fluckham94@furl.net,Male,204.242.14.92
330,Clotilda,Darracott,cdarracott95@ycombinator.com,Polygender,180.226.218.250
331,Berti,Sweatland,bsweatland96@surveymonkey.com,Non-binary,78.94.189.208
332,Xylia,Melluish,xmelluish97@oracle.com,Female,113.41.120.214
333,Alasdair,Sothcott,asothcott98@hp.com,Male,77.146.54.12
334,Corby,Cholton,ccholton99@example.com,Non-binary,171.154.96.84
335,Vin,Harnetty,vharnetty9a@msn.com,Male,192.203.108.32
336,Budd,Bowie,bbowie9b@sourceforge.net,Male,76.18.134.242
337,Jacenta,Eburah,jeburah9c@histats.com,Non-binary,32.173.234.131
338,Gino,Bortolozzi,gbortolozzi9d@typepad.com,Male,55.31.110.181
339,Alon,Conibear,aconibear9e@vk.com,Male,64.242.124.111
340,Dulcy,Allaker,dallaker9f@dyndns.org,Female,110.110.70.230
341,Charlot,McCardle,cmccardle9g@independent.co.uk,Female,51.171.235.49
342,Murvyn,Willoughley,mwilloughley9h@smh.com.au,Male,144.30.43.111
343,Tabbie,Blackmoor,tblackmoor9i@alexa.com,Male,218.105.187.30
344,Christiano,Berrey,cberrey9j@dailymail.co.uk,Male,43.75.144.23
345,Ximenez,Newstead,xnewstead9k@merriam-webster.com,Male,66.39.72.101
346,Brody,Batteson,bbatteson9l@mapy.cz,Male,64.9.181.246
347,Poppy,Elvish,pelvish9m@samsung.com,Female,50.177.28.47
348,Juditha,Giacomucci,jgiacomucci9n@alexa.com,Female,34.250.53.231
349,Collette,Guess,cguess9o@globo.com,Non-binary,124.125.150.12
350,Cassandra,Glaze,cglaze9p@freewebs.com,Female,204.111.53.220
351,Gabbie,Ogbourne,gogbourne9q@msn.com,Male,1.191.73.226
352,Lindsay,Chaloner,lchaloner9r@ocn.ne.jp,Agender,250.4.137.163
353,Minnnie,Binion,mbinion9s@patch.com,Female,114.101.204.241
354,Gabie,Piotrowski,gpiotrowski9t@live.com,Male,225.97.151.64
355,Rosalia,Eaddy,readdy9u@instagram.com,Female,93.166.15.139
356,Brew,Wevell,bwevell9v@joomla.org,Male,103.251.116.216
357,Melony,Twaite,mtwaite9w@rediff.com,Genderqueer,216.173.84.126
358,Tabor,Gethins,tgethins9x@cdbaby.com,Male,15.20.108.129
359,Padriac,Trundler,ptrundler9y@so-net.ne.jp,Male,94.27.183.218
360,Billie,Veldstra,bveldstra9z@washingtonpost.com,Bigender,33.148.51.244
361,Renard,Elland,rellanda0@amazon.de,Male,188.105.102.97
362,Carolan,Itzkin,citzkina1@reference.com,Female,105.89.239.150
363,Margareta,Station,mstationa2@rediff.com,Female,143.11.167.211
364,Alonso,Ratter,arattera3@guardian.co.uk,Male,122.54.194.70
365,Upton,Mursell,umursella4@howstuffworks.com,Male,82.34.103.76
366,Kirk,Well,kwella5@feedburner.com,Bigender,146.177.35.187
367,Bil,Vernazza,bvernazzaa6@businessweek.com,Male,65.28.237.12
368,Hube,Oleshunin,holeshunina7@deviantart.com,Male,193.170.221.136
369,Chaddy,Robens,crobensa8@typepad.com,Male,25.104.34.242
370,Dalia,Barrett,dbarretta9@businesswire.com,Female,146.116.239.84
371,Jasper,Dumbrill,jdumbrillaa@ocn.ne.jp,Male,246.49.32.101
372,Rora,McKerlie,rmckerlieab@studiopress.com,Agender,27.191.21.115
373,Uriel,Keuning,ukeuningac@biglobe.ne.jp,Male,230.118.85.27
374,Consolata,Fitchell,cfitchellad@gravatar.com,Female,132.46.92.19
375,Peterus,Alexsandrowicz,palexsandrowiczae@shinystat.com,Male,5.76.105.43
376,Dwain,Roback,drobackaf@behance.net,Male,213.209.250.217
377,Helge,Benwell,hbenwellag@umn.edu,Female,241.249.106.176
378,Ambrosio,Leggin,alegginah@smugmug.com,Male,235.139.180.73
379,Robby,Sinnocke,rsinnockeai@about.com,Male,156.41.206.52
380,Anatola,Deeny,adeenyaj@vinaora.com,Female,216.151.82.205
381,Tyne,Phillipp,tphillippak@people.com.cn,Female,228.249.25.186
382,Ninnette,Pipet,npipetal@alibaba.com,Female,97.209.154.65
383,Aubert,Barby,abarbyam@hugedomains.com,Male,177.68.89.126
384,Iormina,Bottom,ibottoman@unc.edu,Female,169.151.30.102
385,Lucias,Salvati,lsalvatiao@mapquest.com,Male,130.196.239.203
386,Dari,Davson,ddavsonap@un.org,Female,91.171.91.131
387,Bernie,Emer,bemeraq@naver.com,Male,33.185.204.61
388,Darice,Butt,dbuttar@cocolog-nifty.com,Female,108.148.204.123
389,Micheil,Rafter,mrafteras@ifeng.com,Male,103.242.121.71
390,Ashby,Furmston,afurmstonat@smugmug.com,Non-binary,25.229.4.216
391,Faber,Luna,flunaau@deliciousdays.com,Male,21.182.30.18
392,Marnie,Casotti,mcasottiav@webs.com,Female,2.211.94.130
393,Hanson,Bamforth,hbamforthaw@washingtonpost.com,Male,42.137.129.223
394,Rustin,Knight,rknightax@odnoklassniki.ru,Male,9.96.29.107
395,Jodie,Rostern,jrosternay@irs.gov,Female,34.154.216.31
396,Ruben,Rennison,rrennisonaz@angelfire.com,Male,96.59.232.119
397,Keri,Lomasna,klomasnab0@is.gd,Female,141.73.241.210
398,Ardyth,Clamp,aclampb1@technorati.com,Female,120.107.127.210
399,Gawain,Barszczewski,gbarszczewskib2@statcounter.com,Male,85.72.219.189
400,Harley,Bru,hbrub3@goo.ne.jp,Agender,68.96.36.151
401,Kore,Overthrow,koverthrowb4@arizona.edu,Female,120.230.247.177
402,Llewellyn,Humphery,lhumpheryb5@narod.ru,Male,226.101.87.153
403,Llewellyn,Penkman,lpenkmanb6@sfgate.com,Male,69.123.52.12
404,Benn,Grossman,bgrossmanb7@amazon.co.uk,Male,243.217.218.178
405,Shelia,Birdis,sbirdisb8@vinaora.com,Female,31.142.72.63
406,Archy,Trenholm,atrenholmb9@multiply.com,Polygender,15.124.67.174
407,Boy,Haddrell,bhaddrellba@icio.us,Non-binary,133.163.164.22
408,Zitella,Paaso,zpaasobb@booking.com,Female,248.218.146.249
409,Alano,Scandrick,ascandrickbc@mtv.com,Male,152.82.28.113
410,Carlos,Boman,cbomanbd@cnbc.com,Male,246.128.112.248
411,Willis,Tottem,wtottembe@wufoo.com,Male,130.246.80.3
412,Opaline,Watters,owattersbf@webmd.com,Female,40.59.63.63
413,Gnni,Beeson,gbeesonbg@networksolutions.com,Female,87.85.209.5
414,Ogdon,Mayoh,omayohbh@ycombinator.com,Male,198.198.59.92
415,Ricky,Tilley,rtilleybi@who.int,Male,102.249.14.99
416,Bar,McSharry,bmcsharrybj@walmart.com,Male,149.238.160.105
417,Marsha,Harkes,mharkesbk@marriott.com,Female,84.101.55.145
418,Amata,Schustl,aschustlbl@gov.uk,Female,234.6.141.28
419,Derk,Haselgrove,dhaselgrovebm@whitehouse.gov,Male,245.107.182.91
420,Reade,Treacy,rtreacybn@artisteer.com,Male,235.84.192.230
421,Cindi,Ewins,cewinsbo@opensource.org,Female,193.24.50.195
422,Benito,Ponten,bpontenbp@a8.net,Male,30.230.33.20
423,Heloise,Maidment,hmaidmentbq@cbc.ca,Female,126.212.40.142
424,Tim,Bodimeade,tbodimeadebr@last.fm,Female,99.199.253.199
425,Sergei,Blaycock,sblaycockbs@bing.com,Male,138.111.116.73
426,Lorianna,Knapton,lknaptonbt@seesaa.net,Female,229.162.2.93
427,Tommie,Banghe,tbanghebu@wikipedia.org,Male,121.111.169.5
428,Gisele,Stainer,gstainerbv@pinterest.com,Female,117.214.1.124
429,Hewet,Merry,hmerrybw@google.co.jp,Male,89.118.149.11
430,Lannie,Quaif,lquaifbx@simplemachines.org,Male,181.80.185.107
431,Kyle,Matthaus,kmatthausby@joomla.org,Male,132.84.95.74
432,Bartie,Slowcock,bslowcockbz@ask.com,Genderfluid,68.99.159.188
433,Averil,Djorvic,adjorvicc0@stanford.edu,Male,43.4.128.62
434,Dukie,Huyge,dhuygec1@adobe.com,Male,153.196.123.208
435,Gill,Hagerty,ghagertyc2@google.com.br,Female,172.209.51.19
436,Morey,Wilderspoon,mwilderspoonc3@miibeian.gov.cn,Male,181.215.90.198
437,Jackie,Tomkinson,jtomkinsonc4@elegantthemes.com,Male,248.89.38.227
438,Pepito,Yokelman,pyokelmanc5@sfgate.com,Male,217.80.61.162
439,Port,Caghan,pcaghanc6@spiegel.de,Male,2.199.29.250
440,Annabella,Harome,aharomec7@github.io,Female,31.108.220.215
441,Masha,Adelsberg,madelsbergc8@xing.com,Female,43.169.202.104
442,Waite,Petrina,wpetrinac9@imageshack.us,Male,129.149.244.67
443,Carlee,Kehir,ckehirca@tinyurl.com,Female,252.137.39.131
444,Modesta,Kubacek,mkubacekcb@cnbc.com,Female,251.91.255.13
445,Thadeus,Joy,tjoycc@bloglovin.com,Male,75.217.149.161
446,Jewelle,Pietrasik,jpietrasikcd@phpbb.com,Female,175.146.211.70
447,Vernor,Yakolev,vyakolevce@twitter.com,Male,87.99.136.149
448,Amberly,Handke,ahandkecf@plala.or.jp,Female,5.177.145.156
449,Evelina,Alpes,ealpescg@devhub.com,Female,89.85.30.105
450,Duncan,Hamerton,dhamertonch@icio.us,Male,73.151.234.68
451,Claretta,Dayborne,cdayborneci@bigcartel.com,Female,147.140.179.212
452,Titus,Ellsbury,tellsburycj@themeforest.net,Male,231.105.148.7
453,Clotilda,Lemery,clemeryck@godaddy.com,Non-binary,207.24.215.212
454,Risa,Rosie,rrosiecl@usa.gov,Female,248.91.8.203
455,Elonore,Macveigh,emacveighcm@prnewswire.com,Female,254.133.180.149
456,Farley,Sudran,fsudrancn@wordpress.com,Male,35.174.187.251
457,Con,Fynan,cfynanco@clickbank.net,Male,122.169.245.240
458,Emelen,Rumbellow,erumbellowcp@shutterfly.com,Non-binary,201.81.129.206
459,Alison,Champain,achampaincq@prweb.com,Female,252.230.241.110
460,Grange,Hopfner,ghopfnercr@is.gd,Male,36.233.22.47
461,West,Forber,wforbercs@symantec.com,Male,57.6.2.103
462,Dorena,Worral,dworralct@ebay.com,Female,213.171.206.196
463,Sheffie,Lehrahan,slehrahancu@indiegogo.com,Male,173.132.97.2
464,Cass,Roderighi,croderighicv@dropbox.com,Male,85.62.37.87
465,Miller,Sheeran,msheerancw@yelp.com,Male,131.129.154.73
466,Maggee,Zahor,mzahorcx@i2i.jp,Female,35.236.60.30
467,Torin,Rickertsen,trickertsency@themeforest.net,Male,129.50.133.102
468,Ethelred,Terry,eterrycz@nbcnews.com,Male,134.81.131.130
469,Ellsworth,Skelbeck,eskelbeckd0@state.gov,Male,60.49.69.244
470,Theodoric,Crang,tcrangd1@tripod.com,Male,90.238.13.196
471,Dedie,Nancekivell,dnancekivelld2@creativecommons.org,Female,29.102.248.213
472,Othilie,Widdicombe,owiddicombed3@fastcompany.com,Female,181.24.123.131
473,Kay,Risebarer,krisebarerd4@taobao.com,Female,45.188.86.115
474,Francklyn,Southey,fsoutheyd5@independent.co.uk,Male,50.232.89.17
475,Cart,Engelmann,cengelmannd6@uiuc.edu,Male,121.130.216.46
476,Sarine,Duigenan,sduigenand7@weibo.com,Genderfluid,125.157.103.27
477,Marlene,Keyworth,mkeyworthd8@thetimes.co.uk,Female,245.219.84.201
478,Cornelle,Veale,cvealed9@loc.gov,Female,210.230.220.22
479,Elisabeth,Konmann,ekonmannda@photobucket.com,Female,213.93.6.78
480,Jereme,Dilawey,jdilaweydb@gov.uk,Male,110.113.86.68
481,Carlin,Ninnis,cninnisdc@yale.edu,Male,156.26.122.41
482,Amil,Guiel,aguieldd@shop-pro.jp,Female,68.209.145.131
483,Mandi,Vercruysse,mvercruyssede@imdb.com,Female,233.140.144.23
484,Oneida,Raise,oraisedf@slashdot.org,Female,23.242.115.65
485,Julianna,Handke,jhandkedg@foxnews.com,Female,39.112.145.25
486,Emmalee,Johnigan,ejohnigandh@fotki.com,Female,151.190.227.20
487,Woody,Sedgefield,wsedgefielddi@nymag.com,Male,113.130.133.223
488,Lorin,Chilles,lchillesdj@utexas.edu,Male,140.67.214.103
489,Fern,Antoney,fantoneydk@sphinn.com,Female,181.225.80.50
490,Flint,Meddings,fmeddingsdl@bloglovin.com,Male,212.21.250.79
491,Sheelah,Squelch,ssquelchdm@house.gov,Female,234.213.149.120
492,Shandra,Boggis,sboggisdn@gizmodo.com,Female,78.210.59.29
493,Rhetta,Bazoge,rbazogedo@cargocollective.com,Genderqueer,49.125.240.153
494,Charissa,Flux,cfluxdp@bigcartel.com,Female,3.19.39.44
495,Reagan,Venny,rvennydq@japanpost.jp,Male,33.147.186.111
496,Rebecka,Billo,rbillodr@upenn.edu,Female,58.151.134.97
497,Verene,Mulligan,vmulligands@seattletimes.com,Genderfluid,253.175.83.30
498,Godfrey,Madgwich,gmadgwichdt@psu.edu,Genderfluid,219.136.155.224
499,Cristin,Portal,cportaldu@fotki.com,Genderfluid,165.134.133.185
500,Paola,Dogg,pdoggdv@go.com,Female,21.97.66.134
501,Tome,Hyatt,thyattdw@redcross.org,Non-binary,26.245.78.74
502,Winslow,Kubes,wkubesdx@tinyurl.com,Male,78.81.55.151
503,Jenifer,Garaway,jgarawaydy@infoseek.co.jp,Female,176.76.242.250
504,Drusi,Opfer,dopferdz@trellian.com,Female,202.189.64.17
505,Roseanna,Karpenko,rkarpenkoe0@unicef.org,Female,236.69.23.77
506,Linnet,Kelway,lkelwaye1@usatoday.com,Female,76.197.4.203
507,Almeta,Turri,aturrie2@google.ru,Female,246.119.126.146
508,Lay,Pierrepoint,lpierrepointe3@washingtonpost.com,Male,124.187.145.36
509,Jerome,Landers,jlanderse4@vistaprint.com,Male,160.86.100.20
510,Natalina,Bitcheno,nbitchenoe5@baidu.com,Female,30.84.252.120
511,Gerick,Duffree,gduffreee6@cnbc.com,Male,110.75.165.202
512,Finn,Sandford,fsandforde7@a8.net,Male,131.104.39.181
513,Hilliary,Largan,hlargane8@umn.edu,Female,200.78.7.228
514,Merell,Anstis,manstise9@stanford.edu,Male,183.160.67.232
515,Ceciley,Smallbone,csmallboneea@cdc.gov,Female,244.145.110.118
516,Codie,Purdon,cpurdoneb@google.pl,Bigender,186.121.242.80
517,Yul,Cleeton,ycleetonec@live.com,Male,54.250.16.63
518,Lissy,Gwyneth,lgwynethed@livejournal.com,Female,88.124.214.102
519,Valentia,O'Hagirtie,vohagirtieee@techcrunch.com,Female,153.162.185.153
520,Griffith,Hughill,ghughillef@theguardian.com,Male,230.208.117.84
521,Konstanze,Cheeke,kcheekeeg@discovery.com,Female,117.22.249.174
522,Mel,Krysztofiak,mkrysztofiakeh@netvibes.com,Female,129.43.150.22
523,Frasquito,Pearne,fpearneei@cisco.com,Male,196.131.162.33
524,Hendrika,Winham,hwinhamej@google.ca,Female,193.127.60.188
525,Kakalina,Robak,krobakek@hubpages.com,Female,167.170.115.56
526,Minerva,Capelow,mcapelowel@pagesperso-orange.fr,Female,183.83.155.125
527,Mirabel,Skitterel,mskitterelem@berkeley.edu,Female,240.96.84.214
528,Tiler,Willmot,twillmoten@addthis.com,Male,35.29.53.135
529,Venus,Luparti,vlupartieo@tinypic.com,Female,39.181.35.106
530,Kandy,Dur,kdurep@hubpages.com,Female,217.176.11.20
531,Ryann,Labone,rlaboneeq@nyu.edu,Female,200.248.195.139
532,Quincy,Gouly,qgoulyer@diigo.com,Male,246.50.154.80
533,Sam,Blacker,sblackeres@acquirethisname.com,Genderfluid,103.65.38.25
534,Jodie,Filipov,jfilipovet@cbc.ca,Male,4.24.5.63
535,Suzanna,Fanton,sfantoneu@epa.gov,Female,212.38.132.173
536,Christoper,Tym,ctymev@twitter.com,Male,215.64.179.121
537,Gordan,Kubera,gkuberaew@ftc.gov,Male,196.228.163.230
538,Corrianne,McOrkil,cmcorkilex@wikia.com,Female,21.42.241.1
539,Filberte,Cutbush,fcutbushey@webeden.co.uk,Male,45.200.255.130
540,Carson,Gamell,cgamellez@trellian.com,Male,35.126.79.248
541,Sauncho,Omrod,somrodf0@bbc.co.uk,Male,134.196.208.116
542,Steward,Arlett,sarlettf1@microsoft.com,Male,195.41.210.193
543,Barbabra,Strowlger,bstrowlgerf2@addtoany.com,Female,224.105.179.114
544,Lance,Shurman,lshurmanf3@biglobe.ne.jp,Bigender,147.23.42.242
545,Mack,Whitloe,mwhitloef4@tumblr.com,Genderqueer,103.139.13.89
546,Corilla,Gerrets,cgerretsf5@upenn.edu,Female,167.43.53.223
547,Gan,Scraney,gscraneyf6@quantcast.com,Male,97.248.66.97
548,Adel,Dudson,adudsonf7@twitpic.com,Female,212.172.57.59
549,Evangelina,Jirek,ejirekf8@tinyurl.com,Female,38.119.78.113
550,Hyman,Pocklington,hpocklingtonf9@whitehouse.gov,Male,255.134.32.128
551,Evonne,McCudden,emccuddenfa@newsvine.com,Female,192.3.158.145
552,Gaultiero,Maystone,gmaystonefb@hp.com,Bigender,54.63.120.128
553,Merline,Perfitt,mperfittfc@youtu.be,Female,39.89.155.21
554,Boote,Olijve,bolijvefd@woothemes.com,Male,194.35.149.4
555,Romeo,Cossans,rcossansfe@blogger.com,Male,188.5.143.95
556,Elliot,Walden,ewaldenff@sogou.com,Male,123.218.168.67
557,Lindsay,Mattys,lmattysfg@canalblog.com,Female,153.161.238.4
558,Lewie,McCarlie,lmccarliefh@friendfeed.com,Male,245.119.244.6
559,Hadley,Woollons,hwoollonsfi@cam.ac.uk,Male,149.23.240.230
560,Victoria,Netherclift,vnethercliftfj@umn.edu,Female,133.53.141.232
561,Noble,Worsell,nworsellfk@java.com,Male,227.88.254.21
562,Korella,Semaine,ksemainefl@goo.ne.jp,Female,140.5.207.151
563,Constantia,Fawke,cfawkefm@yahoo.com,Female,51.32.15.0
564,Twila,Cathrall,tcathrallfn@ftc.gov,Non-binary,61.16.138.61
565,Roderick,Routledge,rroutledgefo@wiley.com,Male,251.122.215.221
566,Obidiah,Anstis,oanstisfp@elegantthemes.com,Male,236.62.63.249
567,Hermon,Auchinleck,hauchinleckfq@slashdot.org,Male,141.177.98.216
568,Andrey,Natalie,anataliefr@ycombinator.com,Male,231.54.130.38
569,Mitzi,Paddeley,mpaddeleyfs@tinyurl.com,Agender,149.0.12.37
570,Bear,Dwane,bdwaneft@zimbio.com,Genderfluid,118.195.56.65
571,Terrie,Davidovics,tdavidovicsfu@elegantthemes.com,Female,55.177.210.184
572,Estrella,Veschambre,eveschambrefv@mayoclinic.com,Female,98.90.103.154
573,Lamond,Sexstone,lsexstonefw@army.mil,Male,217.134.126.224
574,Alisander,Marklin,amarklinfx@nhs.uk,Male,253.138.70.54
575,Darnall,Chaucer,dchaucerfy@cocolog-nifty.com,Male,63.251.139.33
576,Estelle,Curreen,ecurreenfz@stanford.edu,Female,77.158.181.235
577,Arnold,Heditch,aheditchg0@vkontakte.ru,Male,169.184.142.202
578,Cherish,Eastes,ceastesg1@census.gov,Female,164.237.140.61
579,Melisandra,McConway,mmcconwayg2@constantcontact.com,Female,81.255.132.162
580,Emory,Veelers,eveelersg3@deviantart.com,Male,50.151.247.163
581,Clim,Lacey,claceyg4@jugem.jp,Male,162.247.242.76
582,Sharon,Thorneley,sthorneleyg5@guardian.co.uk,Female,109.66.250.216
583,Desmund,Bennison,dbennisong6@arstechnica.com,Male,35.163.233.181
584,Jayson,Waterstone,jwaterstoneg7@cpanel.net,Male,230.242.51.185
585,Justine,Bruggeman,jbruggemang8@apple.com,Female,201.185.102.113
586,Livvyy,Latehouse,llatehouseg9@xing.com,Female,66.100.170.125
587,Timothy,Fahey,tfaheyga@diigo.com,Male,169.142.132.110
588,Clarance,Orsman,corsmangb@cmu.edu,Male,98.211.144.121
589,Agnesse,Mowsley,amowsleygc@purevolume.com,Female,128.166.176.133
590,Josephine,Scutcheon,jscutcheongd@slashdot.org,Female,134.109.158.165
591,Maury,Kamiyama,mkamiyamage@altervista.org,Male,96.92.108.98
592,Mauricio,Ovendale,movendalegf@symantec.com,Male,80.92.50.163
593,Nelie,Ambroziak,nambroziakgg@spotify.com,Female,231.22.42.34
594,Charmain,Paley,cpaleygh@printfriendly.com,Female,92.219.180.77
595,Lavena,Gianotti,lgianottigi@who.int,Female,14.204.104.2
596,Jackson,Fashion,jfashiongj@goo.gl,Male,84.77.184.71
597,Elyn,Spacey,espaceygk@instagram.com,Female,84.164.87.239
598,Vincent,Mattingley,vmattingleygl@yolasite.com,Polygender,114.61.193.97
599,Garwood,Sherwyn,gsherwyngm@cyberchimps.com,Male,53.159.192.116
600,Mellisent,Tuddenham,mtuddenhamgn@ustream.tv,Female,2.166.192.38
601,Kassi,Mockler,kmocklergo@npr.org,Female,49.93.19.235
602,Aldous,Beefon,abeefongp@telegraph.co.uk,Male,188.161.232.99
603,Neville,Sueter,nsuetergq@hc360.com,Male,173.119.6.239
604,Phedra,Lawlie,plawliegr@creativecommons.org,Female,2.32.221.129
605,Tamma,Kliemke,tkliemkegs@godaddy.com,Female,81.95.122.82
606,Ashton,Holdron,aholdrongt@bbb.org,Male,156.116.222.173
607,Dag,Kirsop,dkirsopgu@vimeo.com,Male,200.159.61.248
608,Annie,Ybarra,aybarragv@goodreads.com,Female,4.140.168.95
609,Cordelia,Grey,cgreygw@naver.com,Female,114.230.106.42
610,Carmine,Goodson,cgoodsongx@ezinearticles.com,Male,255.106.43.68
611,Benedicto,Raeside,braesidegy@sitemeter.com,Male,40.7.147.128
612,Bjorn,Jeffray,bjeffraygz@omniture.com,Male,34.66.177.52
613,Borg,Holley,bholleyh0@stumbleupon.com,Male,235.165.72.219
614,Frieda,Spiers,fspiersh1@china.com.cn,Female,182.21.57.40
615,Phyllida,Faragan,pfaraganh2@angelfire.com,Female,229.235.9.239
616,Stearne,Ludwell,sludwellh3@addtoany.com,Agender,159.186.182.20
617,Lois,Obin,lobinh4@mashable.com,Female,17.162.223.5
618,Nata,Emmines,nemminesh5@ow.ly,Female,173.101.234.139
619,Bill,MacRury,bmacruryh6@redcross.org,Female,29.216.52.205
620,Addy,Cervantes,acervantesh7@sohu.com,Female,168.21.68.169
621,Giordano,Skip,gskiph8@utexas.edu,Male,226.202.226.26
622,Chloe,Jurek,cjurekh9@forbes.com,Female,205.93.180.16
623,Calla,Breddy,cbreddyha@t-online.de,Female,91.97.126.244
624,Claudia,McConnachie,cmcconnachiehb@businessinsider.com,Female,234.150.171.45
625,Hermon,McNeish,hmcneishhc@apache.org,Male,177.231.207.66
626,Suzanna,Ansty,sanstyhd@squidoo.com,Female,202.54.243.77
627,Merrill,Galier,mgalierhe@whitehouse.gov,Agender,100.72.39.209
628,Marcus,Yuryshev,myuryshevhf@answers.com,Agender,133.180.92.57
629,Burlie,Titterrell,btitterrellhg@fastcompany.com,Male,206.67.32.113
630,Cesar,Denham,cdenhamhh@fastcompany.com,Agender,84.15.250.101
631,Pauly,Jan,pjanhi@instagram.com,Polygender,55.97.66.138
632,Ealasaid,Choppen,echoppenhj@google.cn,Female,105.100.255.239
633,Madalyn,Owenson,mowensonhk@redcross.org,Female,86.130.10.231
634,Rancell,Sanders,rsandershl@buzzfeed.com,Male,174.111.249.101
635,Merola,Edland,medlandhm@sun.com,Female,209.252.137.5
636,Bryn,Jumeau,bjumeauhn@vk.com,Male,137.0.16.238
637,Gilberta,Dradey,gdradeyho@sourceforge.net,Bigender,125.131.28.184
638,Jonis,Sabathe,jsabathehp@timesonline.co.uk,Polygender,192.165.18.119
639,Yardley,Kingswood,ykingswoodhq@house.gov,Male,107.82.205.181
640,Errick,Maps,emapshr@taobao.com,Male,61.86.185.70
641,Barrie,Glentz,bglentzhs@dyndns.org,Female,234.95.138.15
642,Jakie,Splevings,jsplevingsht@360.cn,Male,141.20.253.123
643,Latashia,Semeniuk,lsemeniukhu@prnewswire.com,Bigender,244.111.46.40
644,Dore,Heindl,dheindlhv@un.org,Male,116.175.62.39
645,Issiah,Pikhno,ipikhnohw@photobucket.com,Male,152.119.98.89
646,Kirby,Mager,kmagerhx@dailymail.co.uk,Female,224.163.230.233
647,Niko,Penlington,npenlingtonhy@shinystat.com,Male,216.169.252.233
648,Myrtia,Gorring,mgorringhz@vimeo.com,Female,152.177.83.0
649,Deva,Maloney,dmaloneyi0@forbes.com,Female,86.108.100.145
650,Alfy,Dielhenn,adielhenni1@alexa.com,Male,154.101.206.15
651,Isidora,Bleasdille,ibleasdillei2@chicagotribune.com,Female,235.52.251.206
652,Merna,Scruton,mscrutoni3@sbwire.com,Female,216.30.249.225
653,Cinderella,Fifield,cfifieldi4@nydailynews.com,Female,200.30.205.70
654,Clarissa,Aron,caroni5@meetup.com,Female,159.19.73.176
655,Sibylle,Thoresby,sthoresbyi6@tuttocitta.it,Female,236.18.32.168
656,Gerty,Sokell,gsokelli7@com.com,Female,227.88.197.5
657,Aymer,McTrustey,amctrusteyi8@photobucket.com,Male,33.121.181.98
658,Wilma,Ayliffe,wayliffei9@purevolume.com,Female,125.65.217.68
659,Skyler,Wapplington,swapplingtonia@auda.org.au,Male,255.80.75.145
660,Ethelind,Steinham,esteinhamib@ox.ac.uk,Female,99.120.121.30
661,Neddie,Lucien,nlucienic@cbslocal.com,Male,8.123.22.124
662,Ricki,Bettis,rbettisid@pbs.org,Female,134.134.106.12
663,Amber,Whinney,awhinneyie@amazon.co.uk,Female,22.48.247.156
664,Raimundo,Neicho,rneichoif@time.com,Male,192.146.183.137
665,Jewell,Garred,jgarredig@squarespace.com,Female,240.103.31.178
666,Cornelle,Kelso,ckelsoih@wikimedia.org,Genderfluid,27.211.12.227
667,Eugen,Bendik,ebendikii@spiegel.de,Male,220.148.183.68
668,Jacobo,Sommerlie,jsommerlieij@liveinternet.ru,Genderfluid,126.197.2.190
669,Margo,Blaker,mblakerik@blinklist.com,Female,18.236.171.131
670,Corrie,Meegin,cmeeginil@xing.com,Female,7.56.216.92
671,Catherin,Garaway,cgarawayim@businesswire.com,Female,111.211.151.62
672,Siegfried,Plowman,splowmanin@microsoft.com,Male,207.12.198.228
673,Caro,Barabisch,cbarabischio@guardian.co.uk,Genderqueer,95.130.198.220
674,Kellina,Oxbie,koxbieip@soup.io,Female,130.87.24.102
675,Bonnie,Moreing,bmoreingiq@vkontakte.ru,Female,20.107.0.153
676,Larine,McCabe,lmccabeir@mac.com,Female,97.214.146.169
677,Barbara-anne,Batstone,bbatstoneis@si.edu,Female,199.212.6.177
678,Luciano,Dedam,ldedamit@godaddy.com,Male,223.167.148.245
679,Bartram,Mawman,bmawmaniu@virginia.edu,Male,48.244.2.247
680,Frederick,Kinlock,fkinlockiv@geocities.jp,Male,55.110.121.5
681,Lynn,Shewry,lshewryiw@hp.com,Male,127.188.117.168
682,Dianemarie,Younge,dyoungeix@t.co,Female,95.45.214.104
683,Garwin,Goodinge,ggoodingeiy@mapy.cz,Male,205.186.42.255
684,Yankee,Tolworthy,ytolworthyiz@wp.com,Male,90.26.141.161
685,Stacy,Tayloe,stayloej0@blinklist.com,Male,154.137.150.20
686,Willa,Aliberti,walibertij1@nytimes.com,Female,4.198.6.220
687,Jenda,Cutbirth,jcutbirthj2@cpanel.net,Female,113.65.170.246
688,Reggy,Joselevitch,rjoselevitchj3@desdev.cn,Male,92.154.24.94
689,Jacquenette,Luetchford,jluetchfordj4@vinaora.com,Female,90.113.228.134
690,Tandi,Whife,twhifej5@purevolume.com,Female,231.139.104.96
691,Winslow,Corrie,wcorriej6@cocolog-nifty.com,Male,135.120.23.25
692,Jared,Youson,jyousonj7@squidoo.com,Male,251.173.124.45
693,Eamon,Dracey,edraceyj8@rediff.com,Male,93.136.40.35
694,Leonid,Jeskin,ljeskinj9@dropbox.com,Male,216.213.202.81
695,Hardy,Mervyn,hmervynja@rambler.ru,Male,248.244.191.41
696,Bonni,Tombleson,btomblesonjb@github.com,Female,210.240.72.168
697,Sergio,Goldston,sgoldstonjc@so-net.ne.jp,Male,214.255.250.150
698,Bernadette,Newis,bnewisjd@mapy.cz,Genderqueer,227.199.169.37
699,Avril,Fossett,afossettje@omniture.com,Female,218.157.1.160
700,Desi,Ellar,dellarjf@nsw.gov.au,Male,236.15.81.140
701,Brooke,Betjes,bbetjesjg@jiathis.com,Female,63.119.244.212
702,Ogden,Tomaszek,otomaszekjh@fema.gov,Male,183.28.54.108
703,Barrie,Bisterfeld,bbisterfeldji@bravesites.com,Female,96.133.113.252
704,Jorge,Cosker,jcoskerjj@gnu.org,Male,216.64.255.109
705,Franny,Meneyer,fmeneyerjk@e-recht24.de,Female,44.206.209.69
706,Prince,Matheson,pmathesonjl@edublogs.org,Male,220.67.57.23
707,Lilias,Sadlier,lsadlierjm@guardian.co.uk,Female,162.120.169.230
708,Worden,O'Hickee,wohickeejn@usa.gov,Male,78.47.4.30
709,Rene,Yalden,ryaldenjo@marketwatch.com,Male,209.118.175.155
710,Templeton,Vinton,tvintonjp@etsy.com,Male,253.164.230.4
711,Lombard,Matushevich,lmatushevichjq@arizona.edu,Male,133.111.126.227
712,Maggie,Frome,mfromejr@hp.com,Female,211.111.228.171
713,Gerrie,Schollar,gschollarjs@microsoft.com,Male,247.126.36.248
714,Christa,Cottill,ccottilljt@comcast.net,Female,221.50.248.249
715,Faber,Alford,falfordju@sfgate.com,Male,82.73.174.230
716,Thomasina,Fowden,tfowdenjv@cdbaby.com,Female,241.205.102.141
717,Rowe,Antoniazzi,rantoniazzijw@ebay.co.uk,Female,31.96.122.251
718,Thurston,McComb,tmccombjx@sohu.com,Male,88.223.227.23
719,Haze,Polglaze,hpolglazejy@indiegogo.com,Male,148.186.215.53
720,Markos,Colebrook,mcolebrookjz@globo.com,Male,147.190.69.180
721,Bernelle,Doumer,bdoumerk0@list-manage.com,Female,248.44.107.92
722,Douglass,Harling,dharlingk1@de.vu,Male,19.240.10.194
723,Reed,Kanter,rkanterk2@time.com,Male,225.237.73.142
724,Kaja,Witard,kwitardk3@furl.net,Female,164.218.65.204
725,Homer,Niessen,hniessenk4@sogou.com,Male,62.119.250.89
726,Yoshi,Kealey,ykealeyk5@alibaba.com,Female,178.35.188.138
727,Halimeda,Collerd,hcollerdk6@thetimes.co.uk,Female,98.84.176.163
728,Diego,Lapping,dlappingk7@wordpress.com,Male,242.52.32.9
729,Symon,Randales,srandalesk8@vkontakte.ru,Male,84.210.40.27
730,Nikolas,Yanele,nyanelek9@wix.com,Male,99.114.192.45
731,Silva,Hagard,shagardka@smugmug.com,Female,212.182.50.250
732,Garreth,Gossop,ggossopkb@blogspot.com,Male,103.2.10.107
733,Dougie,Chiverstone,dchiverstonekc@example.com,Male,233.248.88.226
734,Angelica,Dowdle,adowdlekd@constantcontact.com,Female,207.66.217.222
735,Cassi,Gemmell,cgemmellke@mozilla.com,Female,52.227.134.175
736,Kelvin,Beades,kbeadeskf@newyorker.com,Male,244.192.168.111
737,Nathanil,Crenshaw,ncrenshawkg@patch.com,Male,160.152.67.90
738,Domingo,Wolland,dwollandkh@ehow.com,Non-binary,213.41.222.226
739,Brietta,Mateo,bmateoki@gmpg.org,Female,119.36.149.139
740,Basilio,Beslier,bbeslierkj@guardian.co.uk,Male,81.0.244.8
741,Piper,Deesly,pdeeslykk@home.pl,Genderqueer,109.19.2.14
742,Alford,Canedo,acanedokl@mozilla.org,Male,195.189.2.107
743,Arly,Hamor,ahamorkm@taobao.com,Female,202.116.62.152
744,Suellen,Gladdis,sgladdiskn@amazon.co.jp,Genderqueer,100.239.200.251
745,Waldemar,Parham,wparhamko@thetimes.co.uk,Male,197.142.84.181
746,Faunie,Samper,fsamperkp@amazon.co.uk,Female,156.34.226.109
747,Tiena,Larrad,tlarradkq@goodreads.com,Female,153.171.96.231
748,Brannon,Halle,bhallekr@chicagotribune.com,Male,254.188.39.16
749,Leland,Firsby,lfirsbyks@discuz.net,Male,225.156.61.112
750,Nelia,Berendsen,nberendsenkt@reference.com,Female,183.215.38.147
751,Chane,Whatley,cwhatleyku@businessinsider.com,Male,227.151.119.31
752,Sumner,Oertzen,soertzenkv@yelp.com,Male,182.128.179.124
753,Lena,Goskar,lgoskarkw@indiatimes.com,Female,193.46.52.55
754,Xena,Shorte,xshortekx@umich.edu,Female,3.109.29.171
755,Silvano,Sweetsur,ssweetsurky@toplist.cz,Male,9.211.145.79
756,Odelia,Bunch,obunchkz@springer.com,Female,153.213.143.70
757,Zane,Prestige,zprestigel0@yahoo.co.jp,Male,23.121.246.92
758,Annabal,Wallwood,awallwoodl1@usnews.com,Female,151.127.16.157
759,Nicky,Alldritt,nalldrittl2@indiatimes.com,Bigender,8.81.161.204
760,Deeann,Huske,dhuskel3@google.de,Female,49.144.172.88
761,Emmet,Kingcott,ekingcottl4@discovery.com,Male,117.252.160.45
762,Natassia,Flitcroft,nflitcroftl5@list-manage.com,Genderfluid,235.171.127.104
763,Osborne,Amphlett,oamphlettl6@photobucket.com,Male,118.15.159.155
764,Larisa,Manes,lmanesl7@economist.com,Female,191.70.131.92
765,Chlo,Gowlett,cgowlettl8@sitemeter.com,Female,180.32.115.151
766,Jess,Herreros,jherrerosl9@i2i.jp,Male,122.14.35.205
767,Salvatore,Castanie,scastaniela@ask.com,Male,13.58.161.139
768,Todd,Aleksankov,taleksankovlb@themeforest.net,Male,237.131.249.234
769,Carmelia,Camelli,ccamellilc@google.it,Female,66.168.64.156
770,Roselin,Rummings,rrummingsld@eventbrite.com,Female,72.117.48.6
771,Bertha,Wheatcroft,bwheatcroftle@ustream.tv,Female,73.109.164.13
772,Tedman,Milesap,tmilesaplf@alexa.com,Male,91.57.23.244
773,Nils,Schoenleiter,nschoenleiterlg@github.io,Male,242.69.103.245
774,Bertie,Smalley,bsmalleylh@blogspot.com,Agender,235.74.162.216
775,Renado,Withnall,rwithnallli@cbslocal.com,Male,12.172.53.131
776,Ernestus,Gounel,egounellj@wired.com,Male,157.241.162.11
777,Opalina,Diboll,odibolllk@about.me,Female,61.192.35.149
778,Agneta,Belt,abeltll@jiathis.com,Female,212.9.57.143
779,Cecilla,Roelofs,croelofslm@domainmarket.com,Female,105.40.206.51
780,Daniella,Funcheon,dfuncheonln@wired.com,Female,157.223.24.222
781,Gwenni,Gellier,ggellierlo@va.gov,Female,202.113.35.106
782,Joyous,Sealand,jsealandlp@istockphoto.com,Female,194.172.10.254
783,Harli,Scoggin,hscogginlq@census.gov,Female,42.151.180.186
784,Candida,Keyse,ckeyselr@cdc.gov,Agender,22.43.90.247
785,Duane,Klejna,dklejnals@weibo.com,Male,48.27.178.159
786,Steffen,Renad,srenadlt@ovh.net,Male,81.161.167.97
787,Tann,Gillopp,tgillopplu@technorati.com,Male,65.29.53.203
788,Bax,Trehearn,btrehearnlv@sciencedirect.com,Male,104.57.52.131
789,Jase,Vanstone,jvanstonelw@apache.org,Male,45.161.95.98
790,Valdemar,Jura,vjuralx@berkeley.edu,Male,21.101.192.92
791,Jaye,Hevner,jhevnerly@foxnews.com,Male,35.196.149.207
792,Goldi,Rasch,graschlz@woothemes.com,Bigender,63.72.133.168
793,Murry,Stredder,mstredderm0@microsoft.com,Male,213.116.132.79
794,Elle,Goldthorp,egoldthorpm1@sbwire.com,Female,91.18.112.136
795,Loleta,Tipping,ltippingm2@mozilla.com,Bigender,158.46.136.18
796,Gregorio,Brobak,gbrobakm3@wix.com,Male,160.51.149.126
797,Lorie,Speeks,lspeeksm4@harvard.edu,Genderfluid,151.193.187.99
798,Flo,Rubinowitz,frubinowitzm5@psu.edu,Female,110.117.19.52
799,Wendall,Hallor,whallorm6@sakura.ne.jp,Male,12.3.166.72
800,Zared,Riden,zridenm7@marketwatch.com,Male,163.154.48.240
801,Kinsley,Fildery,kfilderym8@ehow.com,Male,216.124.99.184
802,Dody,Nerger,dnergerm9@vistaprint.com,Female,115.35.156.186
803,Niels,Watton,nwattonma@reddit.com,Genderqueer,4.6.19.41
804,Rivalee,Stoddart,rstoddartmb@jigsy.com,Female,51.161.106.145
805,Alford,Demaine,ademainemc@homestead.com,Genderfluid,185.118.158.106
806,Seka,Rahlof,srahlofmd@ning.com,Female,175.4.51.49
807,Onida,Dudson,odudsonme@globo.com,Agender,138.62.252.23
808,Corabel,McAmish,cmcamishmf@theglobeandmail.com,Female,58.217.65.113
809,Karlotta,Cominetti,kcominettimg@homestead.com,Genderfluid,229.34.76.78
810,Burt,Fawlkes,bfawlkesmh@epa.gov,Male,37.80.55.224
811,Eyde,Smithson,esmithsonmi@usda.gov,Female,159.251.221.242
812,Barr,Thurling,bthurlingmj@ycombinator.com,Male,74.194.54.177
813,Aime,Onn,aonnmk@accuweather.com,Female,233.215.84.148
814,Jedidiah,Dawtre,jdawtreml@storify.com,Male,153.26.108.216
815,Tirrell,Bill,tbillmm@whitehouse.gov,Male,44.131.125.23
816,Stu,Bazley,sbazleymn@va.gov,Male,199.251.145.17
817,Kim,Walton,kwaltonmo@amazon.com,Male,144.224.123.248
818,Dell,Blissitt,dblissittmp@flickr.com,Female,127.81.154.20
819,Torey,Beedon,tbeedonmq@yahoo.com,Male,32.33.0.12
820,Pippa,Agge,paggemr@stumbleupon.com,Female,162.140.250.171
821,Arie,Parke,aparkems@ebay.com,Male,49.113.116.141
822,Der,Povlsen,dpovlsenmt@xrea.com,Male,151.66.138.63
823,Tomas,Schwieso,tschwiesomu@theatlantic.com,Male,63.196.155.184
824,Jyoti,McKeran,jmckeranmv@foxnews.com,Agender,225.60.71.68
825,Erhart,Adrianello,eadrianellomw@sbwire.com,Male,68.191.105.157
826,Dana,Duncanson,dduncansonmx@uiuc.edu,Male,67.104.73.244
827,Avie,Ludron,aludronmy@amazon.com,Female,136.162.46.235
828,Olly,Quinsee,oquinseemz@va.gov,Male,103.70.95.168
829,Ethelbert,Rapa,erapan0@linkedin.com,Male,154.192.7.87
830,Leann,Costin,lcostinn1@wikispaces.com,Genderfluid,142.171.238.187
831,Obidiah,Feild,ofeildn2@jigsy.com,Male,46.80.223.211
832,Mariejeanne,Scoggins,mscogginsn3@aol.com,Female,28.130.128.218
833,Essa,Ovendon,eovendonn4@hostgator.com,Female,175.67.130.245
834,Shirl,Wallbanks,swallbanksn5@desdev.cn,Female,237.213.33.208
835,Page,Philipot,pphilipotn6@fema.gov,Female,22.140.37.10
836,Eugenia,O'Skehan,eoskehann7@microsoft.com,Female,50.69.20.234
837,Rhodia,Carlton,rcarltonn8@go.com,Female,27.2.17.71
838,Jarad,Christoffels,jchristoffelsn9@discovery.com,Male,62.165.254.168
839,Garvin,Bouldstridge,gbouldstridgena@myspace.com,Male,64.141.240.120
840,Gretchen,Butter,gbutternb@about.me,Female,218.215.231.130
841,Sena,Moizer,smoizernc@comsenz.com,Female,72.195.49.153
842,Rodolph,Kittow,rkittownd@hao123.com,Male,149.199.252.118
843,Wilek,Amos,wamosne@seattletimes.com,Male,140.238.12.54
844,Witty,Conrath,wconrathnf@wiley.com,Male,103.182.105.227
845,Norris,Casellas,ncasellasng@washington.edu,Male,138.45.54.245
846,Kirk,Droghan,kdroghannh@nature.com,Male,197.211.51.214
847,Judy,Whaley,jwhaleyni@ycombinator.com,Polygender,163.75.167.45
848,Rodina,Goatman,rgoatmannj@bandcamp.com,Female,113.184.40.83
849,Georas,Dowsett,gdowsettnk@friendfeed.com,Male,148.17.216.99
850,Eda,Borley,eborleynl@youku.com,Genderqueer,26.42.222.100
851,Husain,Dowling,hdowlingnm@miitbeian.gov.cn,Male,63.140.88.100
852,Pall,Milkins,pmilkinsnn@arstechnica.com,Male,237.99.192.188
853,Bebe,Westmorland,bwestmorlandno@dell.com,Polygender,255.238.249.68
854,Nathaniel,Parkyns,nparkynsnp@umich.edu,Male,30.55.91.199
855,Patsy,Payne,ppaynenq@cdbaby.com,Bigender,220.178.136.0
856,Mari,Fennelly,mfennellynr@bloomberg.com,Non-binary,125.162.215.237
857,Dunstan,Duck,dduckns@tuttocitta.it,Male,127.103.195.181
858,Micaela,McMeyler,mmcmeylernt@nih.gov,Female,83.146.131.81
859,Eloise,Deroche,ederochenu@google.nl,Female,243.164.14.209
860,Ashli,Yurov,ayurovnv@mozilla.com,Female,150.162.177.100
861,Broddie,O'Rafferty,boraffertynw@shinystat.com,Male,212.252.24.192
862,Josefa,Jahndel,jjahndelnx@domainmarket.com,Female,91.101.8.46
863,Tallie,Rickett,trickettny@domainmarket.com,Female,67.109.188.72
864,Der,Jelly,djellynz@stumbleupon.com,Male,46.161.155.195
865,Rudd,Rolingson,rrolingsono0@gnu.org,Male,179.31.114.99
866,Godart,Kyston,gkystono1@squidoo.com,Male,62.229.91.123
867,Brock,Petru,bpetruo2@yellowbook.com,Male,87.65.222.178
868,Pen,Lynock,plynocko3@guardian.co.uk,Male,207.90.133.186
869,Wain,Brosch,wbroscho4@cnn.com,Male,0.16.225.22
870,Liliane,Yokel,lyokelo5@desdev.cn,Female,163.215.0.245
871,Miquela,Steketee,msteketeeo6@dot.gov,Female,176.7.243.17
872,Betty,Wholesworth,bwholeswortho7@ameblo.jp,Genderqueer,250.25.76.59
873,Donall,Dugdale,ddugdaleo8@woothemes.com,Genderqueer,200.57.143.99
874,Helenka,Fortescue,hfortescueo9@wp.com,Female,40.123.74.102
875,Craig,Guynemer,cguynemeroa@oakley.com,Male,132.51.219.205
876,Byran,Frogley,bfrogleyob@blogger.com,Male,2.128.172.63
877,Jakie,Guillon,jguillonoc@google.it,Male,13.118.109.101
878,Woodman,Rubinovitsch,wrubinovitschod@stumbleupon.com,Male,201.81.213.125
879,Hieronymus,Brewett,hbrewettoe@lulu.com,Male,236.234.58.148
880,Addison,Viveash,aviveashof@digg.com,Male,193.24.147.17
881,Roseanna,Insley,rinsleyog@histats.com,Female,99.118.140.220
882,Odilia,Clewarth,oclewarthoh@ox.ac.uk,Female,73.120.254.63
883,Crawford,Sill,csilloi@jigsy.com,Non-binary,2.222.157.10
884,Oberon,Mulligan,omulliganoj@wordpress.org,Male,45.124.213.147
885,Hamel,Dufour,hdufourok@meetup.com,Male,187.102.32.144
886,Gloriana,Cadd,gcaddol@nydailynews.com,Female,53.169.61.222
887,Jenine,Teissier,jteissierom@acquirethisname.com,Female,63.84.13.125
888,Dani,Lapere,dlapereon@parallels.com,Male,86.133.205.162
889,Rudy,Overpool,roverpooloo@mapy.cz,Male,114.76.117.71
890,Luciano,Lattka,llattkaop@gravatar.com,Male,65.98.161.167
891,Griz,Cutchee,gcutcheeoq@gravatar.com,Male,133.123.30.70
892,Flossy,Eady,feadyor@merriam-webster.com,Female,194.87.127.87
893,Gwenette,Dackombe,gdackombeos@netlog.com,Female,61.92.231.183
894,Frants,O'Concannon,foconcannonot@ca.gov,Male,153.38.248.173
895,Jennilee,Pidler,jpidlerou@livejournal.com,Female,221.164.78.106
896,Rouvin,Crosgrove,rcrosgroveov@cocolog-nifty.com,Male,191.86.144.191
897,Elianora,Pariss,eparissow@si.edu,Genderfluid,59.151.8.70
898,Vicki,Gagen,vgagenox@ameblo.jp,Female,93.163.227.171
899,Carilyn,Tuffell,ctuffelloy@rediff.com,Female,220.18.124.42
900,Leonora,Orrocks,lorrocksoz@newsvine.com,Female,160.100.15.149
901,Boycey,Havard,bhavardp0@jugem.jp,Male,215.54.147.102
902,Wallie,Mahady,wmahadyp1@delicious.com,Male,179.18.210.67
903,Skippie,Maydwell,smaydwellp2@infoseek.co.jp,Male,126.109.232.169
904,Garald,Sher,gsherp3@blogtalkradio.com,Male,182.204.14.100
905,Quincey,Narraway,qnarrawayp4@photobucket.com,Male,127.72.148.225
906,Ranee,Buckner,rbucknerp5@godaddy.com,Female,210.108.158.160
907,Revkah,Fishburn,rfishburnp6@4shared.com,Non-binary,85.213.8.188
908,Wit,Flecknell,wflecknellp7@sina.com.cn,Male,29.54.209.20
909,Antonino,Hanscome,ahanscomep8@addtoany.com,Male,187.60.126.187
910,Krysta,Groome,kgroomep9@livejournal.com,Non-binary,129.40.121.93
911,Efrem,Vardy,evardypa@salon.com,Male,113.119.90.108
912,Eartha,Heiss,eheisspb@4shared.com,Female,204.158.226.96
913,Nani,Cobson,ncobsonpc@furl.net,Female,169.7.24.72
914,Conni,Dedenham,cdedenhampd@comcast.net,Female,127.113.44.112
915,Babara,Raffeorty,braffeortype@youtu.be,Female,33.52.255.82
916,Kerr,Blazdell,kblazdellpf@purevolume.com,Male,207.24.83.78
917,Pat,Kemme,pkemmepg@nba.com,Male,4.98.52.1
918,Barn,Oxborrow,boxborrowph@nyu.edu,Male,134.177.93.96
919,Germaine,Penman,gpenmanpi@google.nl,Male,74.255.35.0
920,Tiffanie,Jochen,tjochenpj@europa.eu,Female,245.187.9.31
921,Erminia,Wherton,ewhertonpk@buzzfeed.com,Female,179.184.250.150
922,Craggy,O'Shee,cosheepl@ovh.net,Male,253.254.31.43
923,Gael,Beckinsale,gbeckinsalepm@state.tx.us,Male,69.254.183.192
924,Ellsworth,Girodias,egirodiaspn@berkeley.edu,Male,89.85.249.131
925,Chip,Pettiford,cpettifordpo@rediff.com,Male,49.42.51.60
926,Doris,Faux,dfauxpp@wikia.com,Female,102.179.167.122
927,Eliot,Thackeray,ethackeraypq@xinhuanet.com,Male,167.170.221.117
928,Marabel,Trowle,mtrowlepr@cisco.com,Female,84.188.140.94
929,Stu,Leivers,sleiversps@bravesites.com,Male,73.78.159.171
930,Zsazsa,Abercrombie,zabercrombiept@marketwatch.com,Female,100.11.63.215
931,Archibaldo,Trendle,atrendlepu@jiathis.com,Male,136.53.61.146
932,Torrey,Shallcrass,tshallcrasspv@chronoengine.com,Male,135.165.215.167
933,Neil,Riddeough,nriddeoughpw@over-blog.com,Male,114.141.165.5
934,Tandi,Durak,tdurakpx@smugmug.com,Female,51.45.161.3
935,Karl,Eagell,keagellpy@toplist.cz,Male,31.97.63.41
936,Gabriello,Andriss,gandrisspz@example.com,Male,37.158.8.170
937,Clarisse,Zupa,czupaq0@tuttocitta.it,Female,18.250.12.228
938,Keefe,Learie,klearieq1@nydailynews.com,Male,199.197.42.192
939,Darryl,Rawet,drawetq2@ihg.com,Female,62.1.81.18
940,Simonette,Parnham,sparnhamq3@myspace.com,Female,205.242.161.23
941,Broderick,Casella,bcasellaq4@domainmarket.com,Male,19.62.67.222
942,Alden,Giacopini,agiacopiniq5@twitpic.com,Male,211.11.62.154
943,Corbet,Cordes,ccordesq6@bloglines.com,Male,71.33.60.248
944,Parnell,Macewan,pmacewanq7@tinypic.com,Male,190.158.9.214
945,Catha,Setterington,csetteringtonq8@mit.edu,Genderfluid,254.219.210.21
946,Georgie,Vass,gvassq9@smugmug.com,Male,165.224.187.110
947,Pyotr,Muckeen,pmuckeenqa@twitpic.com,Male,228.185.22.209
948,Etti,Chasmer,echasmerqb@freewebs.com,Female,194.9.27.53
949,Kiah,De Lisle,kdelisleqc@mayoclinic.com,Female,113.100.140.244
950,Aileen,Spreull,aspreullqd@hibu.com,Female,20.176.142.118
951,Marcus,Minnock,mminnockqe@imgur.com,Male,95.9.242.126
952,Krissy,Peetermann,kpeetermannqf@cbc.ca,Female,70.77.255.139
953,Sonnnie,Emilien,semilienqg@irs.gov,Female,198.44.29.19
954,Darrel,Jacobsson,djacobssonqh@webs.com,Male,229.4.98.204
955,Sal,Uden,sudenqi@ucsd.edu,Female,22.69.110.144
956,Conway,Landa,clandaqj@mysql.com,Bigender,30.171.251.178
957,Therine,Rowatt,trowattqk@technorati.com,Female,100.6.71.39
958,Brook,Berrecloth,bberreclothql@geocities.com,Male,157.207.194.102
959,Jerrome,Johns,jjohnsqm@imageshack.us,Male,48.82.127.36
960,Findley,Hardaway,fhardawayqn@adobe.com,Male,68.172.233.19
961,Dallas,Doiley,ddoileyqo@hostgator.com,Female,82.173.82.51
962,Kelcie,Taverner,ktavernerqp@theglobeandmail.com,Female,139.132.157.249
963,Freddy,Batcock,fbatcockqq@trellian.com,Male,178.217.254.64
964,Gabie,Blencoe,gblencoeqr@columbia.edu,Female,165.215.161.61
965,Averell,Houlison,ahoulisonqs@bbc.co.uk,Male,52.204.35.65
966,Claudio,Koeppe,ckoeppeqt@fc2.com,Male,111.124.61.238
967,Javier,Mc Elory,jmceloryqu@cnet.com,Male,88.119.64.162
968,Laurence,Jakubczyk,ljakubczykqv@over-blog.com,Male,17.120.70.16
969,Karlens,Pavolini,kpavoliniqw@rediff.com,Male,176.21.199.190
970,Breanne,Robak,brobakqx@patch.com,Bigender,250.248.36.47
971,Adair,Presnail,apresnailqy@wsj.com,Male,122.220.164.207
972,Gal,Rubinowicz,grubinowiczqz@jimdo.com,Male,194.9.119.120
973,Micky,Cammell,mcammellr0@seattletimes.com,Female,12.237.175.86
974,Clare,Fidgett,cfidgettr1@scribd.com,Male,33.92.187.14
975,Laurie,Wingeatt,lwingeattr2@youku.com,Polygender,55.146.40.152
976,Tallou,Sudlow,tsudlowr3@thetimes.co.uk,Female,204.175.47.69
977,Kristin,O'Ferris,koferrisr4@unesco.org,Bigender,43.246.46.123
978,Tye,Lightewood,tlightewoodr5@squidoo.com,Male,189.132.247.194
979,Christina,Hawken,chawkenr6@nature.com,Non-binary,133.156.61.247
980,Trula,Bish,tbishr7@wordpress.org,Female,42.209.201.133
981,Hyatt,Gorghetto,hgorghettor8@engadget.com,Male,189.83.233.248
982,Marcy,Raittie,mraittier9@twitpic.com,Female,177.62.155.197
983,Steffie,Gilstoun,sgilstounra@github.io,Agender,178.87.182.186
984,Cornelius,Adkins,cadkinsrb@seesaa.net,Male,85.77.135.92
985,Vanessa,O'Currane,vocurranerc@1und1.de,Female,63.20.196.166
986,Celeste,Shooter,cshooterrd@alexa.com,Female,202.86.165.172
987,Jannel,Pegg,jpeggre@senate.gov,Female,139.152.0.52
988,Holli,Goddard,hgoddardrf@paginegialle.it,Female,45.32.131.214
989,Colene,Tadgell,ctadgellrg@dagondesign.com,Female,63.156.62.175
990,Moss,Clutheram,mclutheramrh@gizmodo.com,Male,142.112.200.207
991,Isabella,MacGregor,imacgregorri@latimes.com,Female,225.166.9.75
992,Tabor,Blick,tblickrj@woothemes.com,Male,172.121.177.118
993,Ossie,Moody,omoodyrk@sbwire.com,Bigender,89.194.249.93
994,Guillema,Botton,gbottonrl@google.pl,Female,164.11.44.80
995,Salvidor,Orritt,sorrittrm@abc.net.au,Male,124.128.131.47
996,Shandra,Greensitt,sgreensittrn@mysql.com,Female,157.61.172.38
997,Byrom,Stopforth,bstopforthro@sitemeter.com,Male,80.119.135.101
998,Ev,Enrrico,eenrricorp@cam.ac.uk,Male,244.113.83.87
999,Stephan,Eckley,seckleyrq@telegraph.co.uk,Male,26.202.178.113
1000,Thomasa,Lynnett,tlynnettrr@icq.com,Female,193.245.141.149
